coat,time,in-vitro,in-vivo
3%,2,0.35,0.002856
3%,2.5,0.46,0.011032
3%,3,0.58,0.044717
3%,4,0.88,0.31429
7%,2,0.32,0.006
7%,2.5,0.44,0.005723
7%,3,0.55,0.054019
7%,4,0.93,0.264
7%,5,1,0.718
5%,2,0.31,0.003526
5%,2.5,0.41,0.017983
5%,3,0.51,0.067054
5%,4,0.76,0.450705
5% lower,2,0.2,0.004
5% lower,2.5,0.32,0.036
5% lower,3,0.37,0.079
5% lower,4,0.6,0.775
5%upper,2,0.35,0.004
5%upper,2.5,0.55,0.036
5%upper,3,0.62,0.079
5%upper,4,0.8,0.775
