time,in-vitro,in-vivo
2,0.23,0.662684
2.5,0.38,0.949331
3,0.5,1.109712
4,0.76,1.259118
