in-vitro,in-vivo
0.58,0.044717
0.55,0.054019
0.51,0.067054
0.5,1.109712
