in-vitro,in-vivo
0.46,0.011032
0.44,0.005723
0.41,0.017983
0.38,0.949331
