in-vitro,in-vivo
0.35,0.002856
0.32,0.006
0.31,0.003526
0.23,0.662684
