in-vitro,in-vivo
0.88,0.31429
0.93,0.264
0.76,0.450705
0.76,1.259118
